customer_id,name,city
1,Gerta,Ellison
2,Sheffie,Zapata
3,Peterus,Andreou
4,Emlyn,Titchard
5,Alana,Lemery
6,Willi,Arlott
7,Hadria,Schuck
8,Yasmeen,Clother
9,Buffy,Saffill
10,Jenni,Cumbridge
11,Mag,Neubigging
12,Siffre,Adao
13,Annalise,Pearse
14,Zora,Peaurt
15,Dall,Barg
16,Gaultiero,Elliott
17,Gilda,Aplin
18,Ashton,Cosyns
19,Gillan,Fendt
20,Brita,Ellingford
21,Sergei,Reaveley
22,Lothaire,Eliasson
23,Jaime,Colleran
24,Buddie,Dykins
25,Selig,Hatchell
26,Spike,Colleran
27,Louisette,Stife
28,Colver,Brockley
29,Ephraim,Haquin
30,Corly,Malkin
31,Celine,Crummey
32,Fons,Darkins
33,Keith,Eakins
34,Tomi,Mundle
35,Archibaldo,Ghirigori
36,Cinnamon,Fiddyment
37,Peggy,Bulbeck
38,Gaspard,Kilmaster
39,Katya,Kerwin
40,Lauraine,Muckersie
41,Shalna,Fisher
42,Mahalia,Rodenborch
43,Debera,Pragnall
44,Harvey,Poff
45,Bernarr,Girardy
46,Dulcy,Mityushin
47,Orelle,Balderston
48,Roz,Kimblen
49,Sax,Birdwhistle
50,Janean,Trollope
51,Susi,Nortunen
52,Karylin,Aberkirder
53,Kimberli,Rolfini
54,Sheeree,Shoard
55,Kerrie,Wilmot
56,Rosalyn,Dursley
57,Heywood,Arbuckel
58,Lilyan,Watsham
59,Papagena,Dickins
60,Crysta,Brundrett
61,Gabrielle,De Gregoli
62,Pippo,Gehrtz
63,Merrick,Bampforth
64,Harriott,Lakeland
65,Jodie,Ariss
66,Ulric,Cremin
67,Hewett,MacKaile
68,Valle,Rysdale
69,Gunar,Adenot
70,Peggy,Innis
71,Courtney,Breckell
72,Angeline,Bakewell
73,Caspar,Jepson
74,Rebeka,Blackborn
75,Cris,Mortel
76,Nertie,Febry
77,Stanfield,Kyffin
78,Rachael,Tolomelli
79,Kippy,Rennles
80,Helyn,Craghead
81,Edwin,Tidmas
82,Yvette,Randalston
83,Imogene,Kix
84,Reinaldos,Rockcliffe
85,Rosalinde,Trustie
86,Alleyn,Ormonde
87,Cale,Dincke
88,Merrie,Pateman
89,Gilemette,Davidsohn
90,Giustino,Keyzor
91,Bealle,Fidge
92,Scott,Gamon
93,Mervin,Rushforth
94,Hannah,Ingarfield
95,Lona,Mascall
96,My,Critzen
97,Kalli,Broome
98,Sidoney,Mattiello
99,Kristal,Roome
100,Mireielle,Bigg
101,Storm,McLenahan
102,Hadrian,Napoleone
103,Wilie,Bottleson
104,Glennis,Bletsoe
105,Anallese,Falconbridge
106,Pall,Bromage
107,Teddi,Quartley
108,Marina,Whittenbury
109,Romonda,McGrouther
110,Alley,Petric
111,Marysa,Engelbrecht
112,Ange,Neasam
113,Orlando,Jewster
114,Sibelle,Ovitts
115,Sayre,Wenban
116,Charmian,Morris
117,Franklin,Denk
118,Gwenni,Walaron
119,Byrom,Beddard
120,Aeriell,Bearcroft
121,Ronny,Chesson
122,Jacquelynn,Steanson
123,Nicol,Hanrott
124,Artemis,Gligori
125,Harland,Smallpiece
126,Krystle,Keast
127,Juli,Jacobbe
128,Jenelle,Burgis
129,Joanne,Calway
130,Buckie,Stoves
131,Gelya,Wharby
132,Eada,Somers
133,Anetta,Monnery
134,Kathryne,Tathacott
135,Thekla,Goodridge
136,Talbert,Livsey
137,Jozef,Francello
138,Anna-diana,Georgiades
139,Shamus,Havesides
140,Raoul,Firbank
141,Marleen,Favey
142,Lazaro,Howick
143,Myles,Hame
144,Ruddy,Lillecrop
145,Karlan,Holton
146,Sybilla,Sare
147,Georgia,Caudelier
148,Estele,Ricks
149,Jabez,Bisley
150,Selig,Biggs
151,Wayland,Aldous
152,Nicoline,Lenard
153,Angie,Minty
154,Kimmy,Haynesford
155,Osgood,Mugford
156,Dmitri,Ivakhno
157,Veronique,Beveridge
158,Danika,Kauffman
159,Ulrika,Elderton
160,Mireielle,Entwhistle
161,Jose,Harkess
162,Rebekkah,McKinty
163,Brandy,Mcettrick
164,Stacee,Anthill
165,Yorgo,Woller
166,Pinchas,Dowman
167,Kay,Grollmann
168,Jeannine,MacCurlye
169,Sandra,Eton
170,Jilly,Darlaston
171,Arlen,Fairman
172,Leticia,Creeber
173,Isabelita,Fair
174,Donny,Alpin
175,Denney,Bougen
176,Falkner,Gergler
177,Anderson,Grimsdell
178,Ophelia,McGoon
179,Susie,Hadden
180,Nellie,Butterick
181,Jose,Squibbs
182,Shanie,Armour
183,Garey,Iglesia
184,Travers,MacKall
185,Fernanda,Wye
186,Dallas,Agget
187,Wandie,Cardoso
188,Emelina,Matts
189,Nickey,Vossing
190,Cindra,Greensall
191,Torey,Keijser
192,Cece,Crop
193,Cherey,Trevers
194,Elsie,Vine
195,Cam,Seakes
196,Marshall,Wantling
197,Myrtice,Coplestone
198,Sybille,Scotchmer
199,Barnie,Ceaser
200,Laverna,Persitt
201,Cassie,Bynert
202,Talia,MacKeogh
203,Keri,Crepin
204,Drake,Bompas
205,Rafferty,Housbey
206,Paolo,Cowgill
207,Constantin,Clowsley
208,Thorny,Drejer
209,Dietrich,Higford
210,Brook,Hardinge
211,Robinia,Hospital
212,Skell,Goldie
213,Matthiew,Tims
214,Petronilla,Ripley
215,Sarge,Disley
216,Reese,Measom
217,Gardner,Carwithen
218,Olivia,Guyon
219,Rafaelita,Absolem
220,Simonne,Berget
221,Madlen,Pietrasik
222,Marla,Coston
223,Allie,Cuming
224,Stacy,Stollen
225,Lina,Oppy
226,Dredi,Robinson
227,Land,McCarthy
228,Ketti,Parken
229,Franky,Bartlomiej
230,Darcy,McFarlane
231,Cary,O'Mailey
232,Nanine,Faunt
233,Karlotte,Vaulkhard
234,Megan,Broome
235,Borg,McKinstry
236,Dalis,Ellsbury
237,Egbert,Huffadine
238,Benito,Olding
239,Herold,Sykora
240,Laurent,Rosenfelder
241,Clemence,Heathcott
242,Saba,Bouts
243,Fabian,Gascar
244,Tom,Nabarro
245,Glynda,Thompson
246,Alicea,O'Corrigane
247,Malachi,Munroe
248,Farrah,Sabates
249,Tadeo,Freund
250,Lon,McKim
251,Dianemarie,Coard
252,Ilise,Attrey
253,Suzanne,Bathowe
254,Trey,O'Carney
255,Maye,Senecaut
256,Mano,Dade
257,Keriann,Lyddy
258,Janeva,Roark
259,Onfroi,Dietzler
260,Pattie,Drife
261,Vergil,McLean
262,Germayne,Elleray
263,Celestina,Feehan
264,Eartha,Unitt
265,Querida,Hailwood
266,Allie,Meredyth
267,Liana,Atger
268,Dalila,Craigmyle
269,Dominik,Le Monnier
270,Loy,Snoxell
271,Wynny,Tuckie
272,Pedro,Fraanchyonok
273,Ynez,Papes
274,Janna,Manger
275,Caroljean,Feighry
276,Clemmie,Plumridege
277,Sarine,Concklin
278,Lane,Varlow
279,Carver,Shapira
280,Nadya,Sankey
281,Susann,Everitt
282,Stearn,Bassford
283,Benton,Jarvie
284,Catlee,Gaitskell
285,Ethelda,Tyndall
286,Moses,Lates
287,Brice,Lerven
288,Terri-jo,McKerron
289,Wallis,Gadney
290,Marie-jeanne,Saill
291,Marquita,Ference
292,Ted,Milthorpe
293,Corney,Cleveland
294,Karyl,Burburough
295,Roman,Fellman
296,Jehu,Letchmore
297,Urbanus,Streetfield
298,Tory,Batchelder
299,Bevin,Hawker
300,Andreana,Middle
301,Bobine,Bru
302,Fanni,Jordin
303,Martina,Farge
304,Keene,Wyne
305,Philippine,Brandli
306,Geneva,Albone
307,Euphemia,Barnwell
308,Geoffrey,Kubas
309,Bobina,Rendle
310,Katy,Schoffel
311,Julee,Parke
312,Leta,Howford
313,Bev,Beadnall
314,Vere,Rupert
315,Brantley,Tewkesbury.
316,Olivie,Deacon
317,Terri-jo,Twelvetrees
318,Leda,Snoxall
319,Jeannie,Clemens
320,Roxine,Bushel
321,Milissent,Bevan
322,Sherwynd,Plain
323,Barnard,Pierson
324,Katharine,Quadling
325,Gannie,Banyard
326,Annice,Eayrs
327,Helaina,Dossettor
328,Doralynne,Kenvin
329,Karolina,Parlor
330,Atlanta,Hillock
331,Julieta,Fulep
332,Goldia,Bockh
333,Charita,Ebbings
334,Adeline,O'Grady
335,Lorain,Matteuzzi
336,Elmer,Rojas
337,Fabian,Lowdes
338,Astrix,Plank
339,Myrah,Lillee
340,Alysia,Ewington
341,Ermentrude,Chester
342,Jacquelynn,Keneford
343,Reed,Greenhalf
344,Alexio,Olrenshaw
345,Shalom,Edlestone
346,Reba,Steger
347,Aldrich,Ebanks
348,Jessalyn,Beminster
349,Lodovico,Orange
350,Traci,Howen
351,Moishe,Sille
352,Christophe,Braycotton
353,Itch,Levecque
354,Madeleine,MacGregor
355,Westleigh,Pelfer
356,Alane,McMearty
357,Dasya,Vergine
358,Carine,Pero
359,Kaitlin,Deavall
360,Maury,Stockwell
361,Moss,Hambly
362,Inness,Duthie
363,Grant,Edwicke
364,Jasper,Ourtic
365,Eberhard,Del Castello
366,Viviene,Cucinotta
367,Darnall,Yurenev
368,Matthiew,Dand
369,Aldrich,Drohun
370,Aimee,Ransom
371,Doralynne,Petrasek
372,Cairistiona,Skelbeck
373,Lombard,Portail
374,Eal,Krochmann
375,Lorenza,Melson
376,Florina,Morter
377,Gael,D'Ambrogio
378,Gino,Wrought
379,Haslett,Taynton
380,Sharlene,Kingzeth
381,Vallie,Feetham
382,Hans,Robel
383,Janeen,Childe
384,Ward,Thirst
385,Trip,Ringham
386,Aileen,Temby
387,Ketti,Cometti
388,Helaina,Caselli
389,Paola,Kitlee
390,Kelcy,Fateley
391,Corney,O'Longain
392,Delmor,Mazzey
393,Fawn,Jezard
394,Adelind,Klehyn
395,Maureen,Massot
396,Maybelle,Feasley
397,Rhett,Hlavac
398,Jamison,Schorah
399,Aylmar,Twining
400,Rosemary,Sultan
401,Olly,Mulligan
402,Port,Di Gregorio
403,Leticia,Dinnies
404,Ashly,Jankin
405,Ulrike,Floyd
406,Leonid,Kettlestringes
407,Hagan,Gedge
408,Jemie,Mallebone
409,Bartolemo,Stendell
410,Ansel,Antrim
411,Ciel,Di Giacomettino
412,Annadiane,Hesey
413,Cynde,Beceril
414,Danita,Chaves
415,Anallese,Leith
416,Aleece,Coppledike
417,Tory,Extal
418,Georgy,Salvin
419,Phineas,Kerwood
420,Eudora,Baskeyfield
421,Ciro,Yerlett
422,Yasmeen,Gammet
423,Javier,Verson
424,Felicia,Misk
425,Ralf,McClinton
426,Mendel,Crudge
427,Glyn,Swaile
428,Bjorn,Ladewig
429,Aggie,Brill
430,Barbabra,Leighton
431,La verne,Ovize
432,Lonee,Fiddeman
433,Darbee,Banbrook
434,Roxy,Dudley
435,Drusilla,Stranks
436,Tess,Grastye
437,Rudolph,Bartleet
438,Keith,Davioud
439,Hollis,Sleith
440,Ula,Fidilis
441,Phyllida,Rennebeck
442,Skip,Shervil
443,Theodora,Dyett
444,Maggie,Jodlkowski
445,Arch,Defau
446,Ina,Clayfield
447,Bobby,Dendle
448,Kari,Rigden
449,Carmela,Worters
450,Edeline,Benedicto
451,Dusty,Brayson
452,Greer,De Carteret
453,Kelsi,Zecchinii
454,Mella,Houson
455,Aggy,Talbot
456,Devi,Nouch
457,Norry,Bowller
458,Arv,Cradock
459,Shanie,Jimson
460,Ashby,Van der Merwe
461,Allistir,Shoobridge
462,Chas,Stubbes
463,Jasmine,O'Duane
464,Augusto,Sparkwill
465,Corabelle,Jacquemard
466,Pepito,Brandel
467,Harper,Auston
468,Maynard,Heinke
469,Christan,Gullivan
470,Korrie,Moxon
471,Brita,Ballin
472,Kattie,Zorzi
473,Coralie,Squibbs
474,Esdras,Nuschke
475,Lita,Stanbury
476,Meredeth,Moxley
477,Joyce,Roberson
478,Torre,Elgar
479,Kendell,Muriel
480,Roda,Bodycomb
481,Hiram,Charter
482,Lilia,Murrthum
483,Eran,Rawll
484,Aymer,Fryett
485,Haleigh,Hayne
486,Abba,Slimme
487,Lonnie,Lerven
488,Salaidh,Blount
489,Halette,Pickering
490,Ivory,Gelletly
491,Reg,Bramont
492,Philly,Tourville
493,Renee,Kilday
494,Binni,Petett
495,Jasmin,Rawson
496,Dicky,Fassan
497,Kristofer,D'eath
498,Rachael,Ledrane
499,Belle,Vedntyev
500,Asa,Babe
501,Eustace,Mizzi
502,Donny,Corrigan
503,Dasya,Brauninger
504,Lyn,Toffler
505,Lynnelle,Ewins
506,Mayor,Nower
507,Glynda,Sisey
508,Nadean,De Bell
509,Homere,MacAndreis
510,Jed,Screach
511,Lizzie,Simyson
512,Gregg,Gout
513,Yoshiko,Mayhou
514,Camile,Clarycott
515,Danna,Cogger
516,Margaret,Gleasane
517,Angelique,Mart
518,Cissiee,Finnes
519,Maximo,Witherden
520,Anny,Aguirrezabala
521,Tiffany,Burnapp
522,Cly,Ryott
523,Lyda,Whewell
524,Myrvyn,Hickeringill
525,Roxine,Donlon
526,Bridget,Anthoney
527,Bea,McSperrin
528,Bale,Leupold
529,Alaster,Rodge
530,Lamar,Yewman
531,Francklyn,MacClenan
532,Arie,Juleff
533,Dasie,Dabernott
534,Haven,Fearnyhough
535,Hugues,Renbold
536,Nikos,Rigney
537,Marcille,Omond
538,Oswald,Gilogly
539,Lonnie,McTavish
540,Early,Yakutin
541,Shalom,Mauser
542,Wes,Beaty
543,Amabel,Cantillon
544,Elisha,Paley
545,Tadio,Preto
546,Tan,Eixenberger
547,Aurilia,Hebblewhite
548,Tadio,Mailey
549,Dredi,Bellard
550,Artur,Durden
551,Hernando,Cappleman
552,Dorey,Rocco
553,Filberte,Zoppo
554,Carmen,Riccetti
555,Wyatan,Chaunce
556,Ardyce,Ber
557,Addy,Tinton
558,Corri,Van T'Hoog
559,Ursa,Bonifazio
560,Adolphe,Alenichicov
561,Munroe,Coggell
562,Deidre,Scottrell
563,Hally,Sommerton
564,Drusilla,Kloster
565,Darell,Mitchley
566,Cecilius,Fearnehough
567,Aurie,Sivewright
568,Jayne,Keling
569,Jacky,Thurstan
570,Stefania,Brunsen
571,Elsinore,Bouttell
572,Rouvin,Gouch
573,Margette,Falks
574,Gelya,Hutchinges
575,Patin,Pietrowicz
576,Marie,Hintzer
577,Stanton,Bodleigh
578,Mureil,Wilde
579,Sarina,Kuhnt
580,Karim,Gable
581,Sheffy,Phetteplace
582,Dave,Beedell
583,Vonni,Flux
584,Ruben,Beushaw
585,Quinton,Van Schafflaer
586,Addison,Rushman
587,Mort,Serraillier
588,Arlen,Keyson
589,Baron,Trelevan
590,Amalita,Bingle
591,Livvie,Ventura
592,Axe,Fourmy
593,Waite,Padefield
594,Penelopa,Kolakowski
595,Marjorie,Emblem
596,Kippie,McLucky
597,Celeste,Volante
598,Ferdy,Gallafant
599,Stacia,Housam
600,Terri,Campa
601,Annabel,Heather
602,Merrick,Cartner
603,Louisa,Sibley
604,Zabrina,Salomon
605,Junie,Sancias
606,Pru,Lorincz
607,Flynn,Wilgar
608,Germana,Shrimpling
609,Meyer,Totton
610,Newton,Maruska
611,Lanette,Firle
612,Warner,Diss
613,June,Matijevic
614,Ofilia,Orr
615,Frederik,Linkie
616,Gwendolen,Farncomb
617,Werner,Lowthian
618,Elie,Kerley
619,Wilfrid,Moule
620,Faina,Malcolmson
621,Aloysius,Howes
622,Zonnya,Hefferan
623,Shelton,Volcker
624,York,O'Feeny
625,Vivianna,Renvoise
626,Larry,Carratt
627,Kingston,Wapples
628,Benjamen,Bernade
629,Sidonnie,Annes
630,Verile,Barnsdale
631,Norby,Crowcher
632,Johnnie,Grzegorecki
633,Gabbey,Drieu
634,Aimil,Fabbro
635,Layton,Randal
636,Joel,Florence
637,Bradney,Allum
638,Archer,Brockherst
639,Bary,Dommersen
640,Olav,Prichet
641,Frayda,Conboy
642,Jessalyn,Lucia
643,Trenna,Florentine
644,Agnella,Ganiclef
645,Rod,Hindenburg
646,Alleyn,Caldero
647,Calvin,Wyke
648,Ogden,Pincked
649,Stacy,MacDougall
650,Israel,Waldram
651,Nolie,Limmer
652,Korney,McNeigh
653,Artemas,Byham
654,Vida,Dibbe
655,Hugh,Matteuzzi
656,Derrek,McDougle
657,Garold,Dunderdale
658,Buiron,Rawle
659,Denis,Faustin
660,Liesa,Kares
661,Keelia,Clemmensen
662,Robers,Husselbee
663,Avram,Olin
664,Xenia,Aveson
665,Renard,MacNab
666,Binky,Auckland
667,Dill,Spellward
668,Virgie,Febry
669,Carlie,Yegorov
670,Ariel,Thornewill
671,Dorolice,Conradie
672,Roley,Jenson
673,Casey,Wickliffe
674,Teodorico,Dax
675,Eda,Leither
676,Ric,Larver
677,Mel,Bernardoni
678,Wakefield,Pinsent
679,Thorny,Tunnow
680,Jade,Lathy
681,Teodoor,Brennenstuhl
682,Daria,Greeveson
683,Arther,Copcote
684,Laurene,Cypler
685,Worden,Segrave
686,Denis,Rigler
687,Dedra,Karpfen
688,Lian,Cuolahan
689,Valerie,Yarrow
690,Zenia,Roller
691,Dmitri,Paulot
692,Deina,Hiscoke
693,Kyla,Croney
694,Griffy,Shane
695,Aeriell,Dummigan
696,Lynnelle,Campe
697,Branden,Redfearn
698,Sky,Muscott
699,Odelinda,Gillman
700,Violet,Willmot
701,Cristine,Rymer
702,Elspeth,Baterip
703,Fanechka,Athow
704,Britta,Brandone
705,Maud,Barkus
706,Shelia,Gronaver
707,Rhetta,Barratt
708,Edythe,Koppes
709,Karolina,Deam
710,Jacky,Herkess
711,Rutter,Di Pietro
712,Josi,Jagiela
713,Julieta,Lidden
714,Dexter,Blondell
715,Marigold,Hiddsley
716,Stacey,Smeath
717,Klemens,Comizzoli
718,Audre,Humfrey
719,Torie,Dine-Hart
720,Simon,Plaster
721,Ertha,Warke
722,Ashley,Kellard
723,Baillie,Badwick
724,Granger,Matteris
725,Axe,Charlot
726,Alberik,Lickorish
727,Traver,Vanezis
728,Philly,Pensom
729,Micky,Lacy
730,Hasty,Sammut
731,Louis,McShirrie
732,Thayne,Fitzmaurice
733,Constantin,Whatford
734,Letitia,Bromhead
735,Katrinka,Fullerlove
736,Curtis,Manske
737,Conny,Oliveto
738,Jennie,Latchmore
739,Emmet,Janse
740,Cleveland,Grute
741,Natty,Bunstone
742,Umberto,Duffus
743,Boony,Threader
744,Mal,Corbie
745,Cristobal,Moan
746,Ferrel,Priddey
747,Valentin,Esland
748,Robbyn,Burnet
749,Joane,Chevins
750,Wilbur,Elvy
751,Weylin,Lansberry
752,Octavia,Ribbon
753,Carlie,Fogel
754,Boonie,Hornig
755,Margaretha,McShea
756,Fiona,Benoix
757,Faun,Issacov
758,Stefa,Kitchingman
759,Roselle,Krol
760,Maritsa,Blofield
761,Jorry,Hilling
762,Tannie,Derobert
763,Belicia,Juara
764,Dorthy,Dwyr
765,Viva,Dace
766,Gaynor,Montez
767,Lita,Huxter
768,Laurella,Crews
769,Flora,Megarry
770,Martyn,Cowterd
771,Allayne,Vernay
772,Laetitia,Demeter
773,Elysee,Alessandrini
774,Parry,Stubbington
775,Maxie,Mouan
776,Franklin,Kinde
777,Annice,Backson
778,Betteann,Egel
779,Elisha,Boult
780,Dennie,Brandone
781,Vinny,Vasquez
782,Judon,Jenks
783,Mella,Sawyers
784,Eunice,Jencey
785,Lauri,Dudding
786,Herschel,Sterzaker
787,Vivia,Greswell
788,Janine,Mearing
789,Blisse,Ollenbuttel
790,Colly,Charlot
791,Levy,Koene
792,Lilly,McKirton
793,Etti,Yglesia
794,Luise,Siuda
795,Bidget,Meadus
796,Storm,Shepherdson
797,Dukey,Towers
798,Syman,Diament
799,Paxon,Overstone
800,Tracey,Lage
801,Gawain,Jolly
802,Aguistin,Arnoult
803,Felike,Utteridge
804,Gordon,Kensall
805,Mandi,Waddington
806,Sara-ann,Maskall
807,Dale,Ferfulle
808,Anjanette,Gozard
809,Davy,Giovannoni
810,Merla,MacTerlagh
811,Waldo,Underwood
812,Gilles,Hugonin
813,Evin,McClay
814,Alexia,Erett
815,Bill,Reavell
816,Tobias,Hawkshaw
817,Ezechiel,Bavin
818,Tish,Koles
819,Price,Cairney
820,Boone,Alibone
821,Phil,O'Loughlin
822,Heriberto,Kleszinski
823,Morey,Nutter
824,Tiffany,Hercock
825,Golda,Butterley
826,Annaliese,Young
827,Bobine,Dengate
828,Davon,Trorey
829,Jakie,Ratray
830,Adelina,Winstone
831,Carl,Merigon
832,Piotr,Shields
833,Archibold,MacNeil
834,Caspar,Boydle
835,Randell,Tuer
836,Elmore,Lumm
837,Elmo,Lauga
838,Georgeta,Huntingdon
839,Alvy,Eldredge
840,Bree,Thonason
841,Marcella,Eastwell
842,Breanne,Sarfati
843,Gan,Wornum
844,Hashim,Dunstan
845,Yovonnda,Riglar
846,Fanny,Bavage
847,Trudy,Gladdin
848,Abner,Lidington
849,Ulrike,Pooke
850,Vinnie,Yurlov
851,Garrick,Hagergham
852,Kim,Figgures
853,Angel,Halbord
854,Gerladina,Backman
855,Leshia,Lamasna
856,Gallard,Sanson
857,Benedick,Presman
858,Tony,MacIlwrick
859,Brigitte,McGarry
860,Ibrahim,Dikles
861,Gretel,Wansbury
862,Jenica,Annwyl
863,Mildred,Juszczak
864,Hermann,Tortoishell
865,Amby,Finkle
866,Domini,Goodliffe
867,Mirelle,Marrian
868,Amelie,McCumesky
869,Symon,Bellingham
870,Billie,Varian
871,Euphemia,Elacoate
872,Glendon,Vedekhin
873,Iggy,Leonarde
874,Ian,Heape
875,Merl,Stollsteimer
876,Belvia,Featherstone
877,Terese,Rebanks
878,Gabi,Kullmann
879,Ailbert,Woollacott
880,Tedda,Tappington
881,Joyous,Benettelli
882,Mindy,Crotch
883,Tory,Laidler
884,Thatch,Monksfield
885,Dorian,Cadany
886,Ninon,Tomashov
887,Claudelle,Burdett
888,Vitia,Barme
889,Madella,Giraldo
890,Cloe,Livett
891,Isadora,Drinkall
892,Carolyn,Lilburn
893,Pennie,Baseke
894,Jennine,Wase
895,Iggie,Doogan
896,Rogerio,Benham
897,Anna,Ossulton
898,Rosaline,Ker
899,Josie,Shiel
900,Brig,Izac
901,Bat,Segot
902,Anni,Andree
903,Amil,Ettles
904,Maureene,Beattie
905,Alain,Roussel
906,Debora,Moorcraft
907,Eilis,Shoebottom
908,Molli,Bayne
909,Georgi,Godlee
910,Ermanno,Hammerson
911,Steffane,Shorte
912,Gherardo,McIlmorow
913,Cindelyn,Skellion
914,Eli,Chevalier
915,Shana,Blomfield
916,Garland,Harpur
917,Rollin,Abelevitz
918,Farley,Blackburne
919,Junia,Adcocks
920,Dominique,Munnis
921,Daphna,Sywell
922,Diane-marie,Bilverstone
923,Conrade,Stanlock
924,Farlee,Petticrow
925,Allis,Hoyles
926,Charmaine,Mullally
927,Trisha,Caras
928,Silas,Basnett
929,Florencia,Rosander
930,Kellby,Whieldon
931,Marjie,Craine
932,Barty,Prandi
933,Lin,McArthur
934,Thomasine,Marfe
935,Wenona,Awcock
936,Lorrayne,Aizlewood
937,Dwayne,Keddy
938,Gay,Halahan
939,Fulton,Pettinger
940,Simonne,Marrington
941,Florance,Cejka
942,Elna,Blitzer
943,Charita,Greenhow
944,Teddie,Garment
945,Aleen,Belford
946,Angelo,Kordes
947,Emmet,Glander
948,Judie,Beldum
949,Astrid,Francis
950,Abigale,Pennetti
951,Flori,Gasticke
952,Osborn,Cordrey
953,Alexandros,Noble
954,Hasty,Hibbart
955,Cyndi,Houlison
956,Adan,Twaite
957,Hildagard,Tynan
958,Ulrika,Mansford
959,Burtie,Freschini
960,Dino,Kinnerk
961,Bear,Beswetherick
962,Joseph,Whimpenny
963,Cletis,Menco
964,Frederica,Willars
965,Carlo,Patesel
966,Constantina,Francomb
967,Corrinne,Roiz
968,Valaree,Lotterington
969,Alvin,Gemelli
970,Rufe,Bremley
971,Deny,Shute
972,Eben,Heynel
973,Natalina,Seekings
974,Gilligan,Blitzer
975,Waldon,McMearty
976,Claudetta,McKeeman
977,Alexine,Harbert
978,Galvin,Midner
979,Alie,Semerad
980,Dorella,Nudde
981,Timi,Erik
982,Chickie,Stirrip
983,Averil,Orcott
984,Malchy,Grieveson
985,Matty,Ephson
986,Madalyn,Balaam
987,Gris,Growy
988,Karen,Ferenczy
989,Shurwood,Gronaver
990,Stacy,Cursey
991,Gene,Ivushkin
992,Guido,Boast
993,Darnell,Pentony
994,Ricky,Innocenti
995,Carolin,Vardie
996,Sibylla,Tantum
997,Dean,Blesing
998,Vilma,De Beneditti
999,Isaiah,Liggons
1000,Lynsey,Dunkerly
